<?xml version="1.0" encoding="utf-8"?>
<!DOCTYPE install PUBLIC "-//Joomla! 1.6//DTD template 1.0//EN" "http://www.joomla.org/xml/dtd/1.6/template-install.dtd">
<extension version="2.5" type="template" method="upgrade" client="site">
<name>rusich</name>
<creationDate>07.06.2012</creationDate>
<author>Skobar</author>
<authorEmail>skobar_manjak@list.ru</authorEmail>
<authorUrl>rusich.hostoi.com</authorUrl>
<copyright>Copyright (C) 2012</copyright>
<license>GNU/GPL version 2</license>
<version>1.0.0</version>
<description>Клуб Славянских боевых искусств РУСИЧ</description>
<files>
<folder>css</folder>
<folder>img</folder>
<filename>index.html</filename>
<filename>index.php</filename>
<filename>templateDetails.xml</filename>
<filename>template_thumbnail.png</filename>
</files>
<positions>
		<position>position-1</position>
		<position>position-2</position>
		<position>position-3</position>
		<position>position-4</position>
	</positions>
</extension>